{"roc": {"fpr": [0.0, 0.008809135399673736, 0.021207177814029365, 0.03534529635671561, 0.053507340946166396, 0.07090810222947254, 0.09929309407286568, 0.12387166938553562, 0.14779771615008155, 0.18259923871669387, 0.2145731375747689, 0.2466557911908646, 0.2808047852093529, 0.3417074497009244, 0.39923871669385536, 0.4710168569874932, 0.5315932572050027, 0.5984774333877108, 0.7012506797172376, 0.8101141924959216, 1.0], "tpr": [0.0, 0.263681592039801, 0.31144278606965176, 0.3582089552238806, 0.4009950248756219, 0.4417910447761194, 0.4855721393034826, 0.5233830845771145, 0.5601990049751244, 0.6, 0.6368159203980099, 0.672636815920398, 0.7104477611940299, 0.7502487562189055, 0.7870646766169154, 0.8218905472636816, 0.8577114427860697, 0.8925373134328358, 0.9283582089552239, 0.9651741293532339, 1.0]}, "pr": {"recall": [1.0, 0.9920398009950249, 0.9850746268656716, 0.9731343283582089, 0.9582089552238806, 0.9393034825870646, 0.9213930348258706, 0.900497512437811, 0.881592039800995, 0.8497512437810946, 0.8189054726368159, 0.7970149253731343, 0.7621890547263681, 0.7223880597014926, 0.6915422885572139, 0.6268656716417911, 0.5751243781094527, 0.5044776119402985, 0.42587064676616915, 0.31343283582089554, 0.0], "precision": [0.09852941176470588, 0.10287895985966361, 0.10783139091602222, 0.11278975896667051, 0.11800024506800637, 0.1233825643706705, 0.12967371516594314, 0.13648016890363446, 0.1447475902630289, 0.15220103368383534, 0.16134091354636346, 0.17443379790940766, 0.18774509803921569, 0.20336134453781513, 0.22712418300653595, 0.24705882352941178, 0.2833333333333333, 0.33137254901960783, 0.4196078431372549, 0.6176470588235294, 1.0]}}